{
  "input_image": "D:\\Projects\\industrial-vision-30days\\week03-yolo_ocr\\day19\\inputs\\image_02.png",
  "roi_bbox": {
    "x": 630,
    "y": 70,
    "width": 850,
    "height": 750
  },
  "ocr_params": {
    "lang": "ch",
    "use_textline_orientation": true,
    "enable_mkldnn": false
  },
  "text_count": 4,
  "detections": [
    {
      "index": 1,
      "text": "春眠不觉晓",
      "confidence": 0.9994974136352539,
      "bbox_polygon": [
        [
          199,
          210
        ],
        [
          780,
          210
        ],
        [
          780,
          319
        ],
        [
          199,
          319
        ]
      ]
    },
    {
      "index": 2,
      "text": "处处闻啼鸟",
      "confidence": 0.9998668432235718,
      "bbox_polygon": [
        [
          190,
          317
        ],
        [
          779,
          326
        ],
        [
          777,
          457
        ],
        [
          188,
          449
        ]
      ]
    },
    {
      "index": 3,
      "text": "夜来风雨声",
      "confidence": 0.9998664855957031,
      "bbox_polygon": [
        [
          189,
          434
        ],
        [
          773,
          447
        ],
        [
          770,
          585
        ],
        [
          186,
          572
        ]
      ]
    },
    {
      "index": 4,
      "text": "花落知多少",
      "confidence": 0.9999237060546875,
      "bbox_polygon": [
        [
          194,
          561
        ],
        [
          756,
          574
        ],
        [
          754,
          683
        ],
        [
          191,
          670
        ]
      ]
    }
  ]
}